Date,Journal,Emotion,Sentiment,Keywords,Topics
2026-09-26,"Toda day is very bad with my boyfriend he don'tcare about me 
",Neutral,Negative,"toda, boyfriend, tcare",
2026-09-26,"I am very  happy , sad ang friendl",Happiness,Mixed,"happy, friendl",
2026-09-26,"I am very  happy , sad ang friendl",Happiness,Mixed,"happy, friendl",
2026-09-26,"I am very  happy , sad ang friendl",Happiness,Mixed,"happy, friendl",
2026-09-26,"I am very  happy , sad ang friendl",Happiness,Mixed,"happy, friendl",
2026-09-26,I very happy sad and i also want to sucide ,Happiness,Mixed,"happy, want, sucide",
2026-09-26,I very happy sad and i also want to sucide ,Happiness,Mixed,"happy, want, sucide",
2026-09-26,"Today I had a lot of work and felt stressed in the morning. I had an important project deadline and was worried about completing it. In the afternoon, I finished my project and felt very happy and proud. I also talked with my friends and enjoyed the evening.",Happiness,Mixed,"project, work, stressed, morning, important, deadline, worried, completing","Work, Academic Work, Friends"
2026-09-26,"Today I had a lot of work and felt stressed in the morning. I had an important project deadline and was worried about completing it. In the afternoon, I finished my project and felt very happy and proud. I also talked with my friends and enjoyed the evening.",Happiness,Mixed,"project, work, stressed, morning, important, deadline, worried, completing","Work, Academic Work, Friends"
2026-09-26,"Today I had a lot of work and felt stressed in the morning. I had an important project deadline and was worried about completing it. In the afternoon, I finished my project and felt very happy and proud. I also talked with my friends and enjoyed the evening.",Happiness,Mixed,"project, work, stressed, morning, important, deadline, worried, completing","Work, Academic Work, Friends"
2026-09-26,"Today I had a lot of work and felt stressed in the morning. I had an important project deadline and was worried about completing it. In the afternoon, I finished my project and felt very happy and proud. I also talked with my friends and enjoyed the evening.",Happiness,Mixed,"project, work, stressed, morning, important, deadline, worried, completing","Work, Academic Work, Friends"
2026-09-26,"Today I had a lot of work and felt stressed in the morning. I had an important project deadline and was worried about completing it. In the afternoon, I finished my project and felt very happy and proud. I also talked with my friends and enjoyed the evening.",Happiness,Mixed,"project, work, stressed, morning, important, deadline, worried, completing","Work, Academic Work, Friends"
2026-09-28,"Today I had a lot of work and felt stressed in the morning. I had an important project deadline and was worried about completing it. In the afternoon, I finished my project and felt very happy and proud. I also talked with my friends and enjoyed the evening.",Happiness,Mixed,"project, work, stressed, morning, important, deadline, worried, completing","Work, Academic Work, Friends"
